{"name":"d08ed4a1-7ba5-46eb-8b6a-b6f0da7e0286","id":"/providers/Microsoft.Flow/flows/d08ed4a1-7ba5-46eb-8b6a-b6f0da7e0286","type":"Microsoft.Flow/flows","properties":{"apiId":"/providers/Microsoft.PowerApps/apis/shared_logicflows","displayName":"On-prem AD Privilege Access Request Flow","definition":{"metadata":{"workflowEntityId":null,"creator":{"id":"c40719fc-41e8-4526-afde-8b2210924729","type":"User","tenantId":"ca358a8b-1cbf-4ffc-8390-2b562c0d44cf"},"provisioningMethod":"FromDefinition","failureAlertSubscription":true,"clientLastModifiedTime":"2020-06-04T17:49:53.0406418Z"},"$schema":"https://schema.management.azure.com/providers/Microsoft.Logic/schemas/2016-06-01/workflowdefinition.json#","contentVersion":"1.0.0.0","parameters":{"$connections":{"defaultValue":{},"type":"Object"},"$authentication":{"defaultValue":{},"type":"SecureObject"},"sharepoint.site":{"defaultValue":"","type":"String"},"sharepoint.list":{"defaultValue":"","type":"String"}},"triggers":{"When_a_new_item_is_created":{"recurrence":{"frequency":"Minute","interval":5},"splitOn":"@triggerBody()?.value","metadata":{"flowSystemMetadata":{"swaggerOperationId":"GetOnNewItems"}},"type":"ApiConnection","inputs":{"host":{"connection":{"name":"@parameters('$connections')['shared_sharepointonline']['connectionId']"},"api":{"runtimeUrl":"https://flow-apim-msmanaged-na-eastus2-01.azure-apim.net/apim/sharepointonline"}},"method":"get","path":"/datasets/@{encodeURIComponent(encodeURIComponent('https://YOURTENANT.sharepoint.com/sites/YOURSITENAME'))}/tables/@{encodeURIComponent(encodeURIComponent('YOURLISTNAME'))}/onnewitems","authentication":"@parameters('$authentication')"},"conditions":[]}},"actions":{"Switch":{"runAfter":{"Get_file_metadata":["Succeeded"]},"cases":{"Domain_Administrator":{"case":"Domain Administrator","actions":{"Condition_-_Domain_Administrator":{"actions":{"_Apply_to_each_-_APPROVED":{"foreach":"@body('Start_and_wait_for_an_approval_-_Domain_Administrator')?['responses']","actions":{"Send_an_email_notification_(V3)_-_APPROVED":{"runAfter":{},"metadata":{"flowSystemMetadata":{"swaggerOperationId":"SendEmailV3"}},"type":"ApiConnection","inputs":{"host":{"connection":{"name":"@parameters('$connections')['shared_sendmail']['connectionId']"},"api":{"runtimeUrl":"https://flow-apim-msmanaged-na-centralus-01.azure-apim.net/apim/sendmail"}},"method":"post","body":{"to":"@{triggerBody()?['Author']?['Email']};","subject":"Processing: @{triggerBody()?['Title']}","text":"<p>Dear @{triggerBody()?['Author']?['DisplayName']},<br>\n<br>\nYour request below has been approved. Your account will be added to the elevated group shortly and a confirmation email will be sent as soon as it has been added.<br>\n<br>\nPlease allow ample time for the change to take effect (AD replication), report the issue if you didn't receive a confirmation within 60 minutes.<br>\n<br>\nApproved by: @{items('_Apply_to_each_-_APPROVED')?['responder']?['displayName']}<br>\nComments (if any): @{items('_Apply_to_each_-_APPROVED')?['comments']}<br>\n<br>\nRequest Subject: @{triggerBody()?['Title']}<br>\nRequest Details: @{triggerBody()?['RequestDetails']}<br>\n<br>\n---<br>\nSent by Microsoft Power Automate</p>","ishtml":true},"path":"/v3/mail/send","authentication":"@parameters('$authentication')"}},"Get_user":{"runAfter":{"Set_content_approval_status_-_APPROVED":["Succeeded"]},"metadata":{"flowSystemMetadata":{"swaggerOperationId":"GetUser"}},"type":"ApiConnection","inputs":{"host":{"connection":{"name":"@parameters('$connections')['shared_azuread']['connectionId']"},"api":{"runtimeUrl":"https://flow-apim-msmanaged-na-westus2-01.azure-apim.net/apim/azuread"}},"method":"get","path":"/v1.0/users/@{encodeURIComponent(triggerBody()?['Author']?['Email'])}","authentication":"@parameters('$authentication')"}},"Add_user_to_group_-_Automated_Domain_Administrator":{"runAfter":{"Get_user":["Succeeded"]},"metadata":{"flowSystemMetadata":{"swaggerOperationId":"AddUserToGroup"}},"type":"ApiConnection","inputs":{"host":{"connection":{"name":"@parameters('$connections')['shared_azuread']['connectionId']"},"api":{"runtimeUrl":"https://flow-apim-msmanaged-na-westus2-01.azure-apim.net/apim/azuread"}},"method":"post","body":{"@@odata.id":"@body('Get_user')?['id']"},"path":"/v1.0/groups/@{encodeURIComponent('ENTER-THE-AUTOMATED-DOMAIN-Admin_OBJECTID')}/members/$ref","authentication":"@parameters('$authentication')"}},"Set_content_approval_status_-_APPROVED":{"runAfter":{"Send_an_email_notification_(V3)_-_APPROVED":["Succeeded"]},"metadata":{"flowSystemMetadata":{"swaggerOperationId":"SetApprovalStatus"}},"type":"ApiConnection","inputs":{"host":{"connection":{"name":"@parameters('$connections')['shared_sharepointonline']['connectionId']"},"api":{"runtimeUrl":"https://flow-apim-msmanaged-na-eastus2-01.azure-apim.net/apim/sharepointonline"}},"method":"post","path":"/datasets/@{encodeURIComponent(encodeURIComponent('https://tangoe.sharepoint.com/sites/AD-PAM'))}/tables/@{encodeURIComponent(encodeURIComponent('0e2f90e4-e26f-416f-b9b5-57ffc92a4ad5'))}/items/@{encodeURIComponent(encodeURIComponent(triggerBody()?['ID']))}/setapprovalstatus","queries":{"approvalAction":"Approve","comments":"Approved by: @{items('_Apply_to_each_-_APPROVED')?['responder']?['displayName']}. Comments (if any): @{items('_Apply_to_each_-_APPROVED')?['comments']}","entityTag":"@body('Get_file_metadata')?['ETag']"},"authentication":"@parameters('$authentication')"}}},"runAfter":{},"type":"Foreach"}},"runAfter":{"Start_and_wait_for_an_approval_-_Domain_Administrator":["Succeeded"]},"else":{"actions":{"Apply_to_each_-_REJECTED":{"foreach":"@body('Start_and_wait_for_an_approval_-_Domain_Administrator')?['responses']","actions":{"Send_an_email_notification_(V3)_-_REJECTED":{"runAfter":{},"metadata":{"flowSystemMetadata":{"swaggerOperationId":"SendEmailV3"}},"type":"ApiConnection","inputs":{"host":{"connection":{"name":"@parameters('$connections')['shared_sendmail']['connectionId']"},"api":{"runtimeUrl":"https://flow-apim-msmanaged-na-centralus-01.azure-apim.net/apim/sendmail"}},"method":"post","body":{"to":"@{triggerBody()?['Author']?['Email']};","subject":"Request Denied: @{triggerBody()?['Title']}","text":"<p>Dear @{triggerBody()?['Author']?['DisplayName']},<br>\n<br>\nYour request below has been rejected or denied. Please review the comments below or contact the reviewer if you have any questions.<br>\n<br>\n<br>\nReviewed by: @{items('Apply_to_each_-_REJECTED')?['responder']?['displayName']}<br>\nComments (if any):@{items('Apply_to_each_-_REJECTED')?['comments']}<br>\n<br>\nRequest Subject: @{triggerBody()?['Title']}<br>\nRequest Details: @{triggerBody()?['RequestDetails']}<br>\n<br>\n---<br>\nSent by Microsoft Power Automate</p>","ishtml":true},"path":"/v3/mail/send","authentication":"@parameters('$authentication')"}},"Set_content_approval_status_-_REJECTED":{"runAfter":{"Send_an_email_notification_(V3)_-_REJECTED":["Succeeded"]},"metadata":{"flowSystemMetadata":{"swaggerOperationId":"SetApprovalStatus"}},"type":"ApiConnection","inputs":{"host":{"connection":{"name":"@parameters('$connections')['shared_sharepointonline']['connectionId']"},"api":{"runtimeUrl":"https://flow-apim-msmanaged-na-eastus2-01.azure-apim.net/apim/sharepointonline"}},"method":"post","path":"/datasets/@{encodeURIComponent(encodeURIComponent('https://tangoe.sharepoint.com/sites/AD-PAM'))}/tables/@{encodeURIComponent(encodeURIComponent('0e2f90e4-e26f-416f-b9b5-57ffc92a4ad5'))}/items/@{encodeURIComponent(encodeURIComponent(triggerBody()?['ID']))}/setapprovalstatus","queries":{"approvalAction":"Reject","comments":"Reviewed by: @{items('Apply_to_each_-_REJECTED')?['responder']?['displayName']}. Comments (if any): @{items('Apply_to_each_-_REJECTED')?['comments']}","entityTag":"@body('Get_file_metadata')?['ETag']"},"authentication":"@parameters('$authentication')"}}},"runAfter":{},"type":"Foreach"}}},"expression":{"equals":["@body('Start_and_wait_for_an_approval_-_Domain_Administrator')?['outcome']","Approve"]},"type":"If"},"Start_and_wait_for_an_approval_-_Domain_Administrator":{"runAfter":{},"metadata":{"flowSystemMetadata":{"swaggerOperationId":"StartAndWaitForAnApproval"}},"type":"ApiConnectionWebhook","inputs":{"host":{"connection":{"name":"@parameters('$connections')['shared_approvals']['connectionId']"},"api":{"runtimeUrl":"https://flow-apim-msmanaged-na-northcentralus-01.azure-apim.net/apim/approvals"}},"body":{"notificationUrl":"@{listCallbackUrl()}","title":"REVIEW: @{triggerBody()?['AdminLevel']?['Value']} Request - @{triggerBody()?['Title']}","assignedTo":"Leonardo.DaVinci@tangoe.com","details":"Requested by:\n@{triggerBody()?['Author']?['DisplayName']}\n\nDetails/Comments: \n@{triggerBody()?['RequestDetails']}","itemLink":"@triggerBody()?['{Link}']","itemLinkDescription":"@body('Get_file_metadata')?['Name']","enableNotifications":true,"enableReassignment":true},"path":"/types/@{encodeURIComponent('Basic')}/subscriptions","authentication":"@parameters('$authentication')"}}}},"Enterprise_Administrator":{"case":"Enterprise Administrator","actions":{"Condition_-_Enterprise_Administrator":{"actions":{"_Apply_to_each_-_APPROVED_2":{"foreach":"@body('Start_and_wait_for_an_approval_-_Enterprise_Administrator')?['responses']","actions":{"Send_an_email_notification_(V3)_-_APPROVED_2":{"runAfter":{},"metadata":{"flowSystemMetadata":{"swaggerOperationId":"SendEmailV3"}},"type":"ApiConnection","inputs":{"host":{"connection":{"name":"@parameters('$connections')['shared_sendmail']['connectionId']"},"api":{"runtimeUrl":"https://flow-apim-msmanaged-na-centralus-01.azure-apim.net/apim/sendmail"}},"method":"post","body":{"to":"@{triggerBody()?['Author']?['Email']};","subject":"Processing: @{triggerBody()?['Title']}","text":"<p>Dear @{triggerBody()?['Author']?['DisplayName']},<br>\n<br>\nYour request below has been approved. Your account will be added to the elevated group shortly and a confirmation email will be sent as soon as it has been added.<br>\n<br>\nPlease allow ample time for the change to take effect (AD replication), report the issue if you didn't receive a confirmation within 60 minutes.<br>\n<br>\nApproved by: @{items('_Apply_to_each_-_APPROVED_2')?['responder']?['displayName']}<br>\nComments (if any): @{items('_Apply_to_each_-_APPROVED_2')?['comments']}<br>\n<br>\nRequest Subject: @{triggerBody()?['Title']}<br>\nRequest Details: @{triggerBody()?['RequestDetails']}<br>\n<br>\n---<br>\nSent by Microsoft Power Automate</p>","ishtml":true},"path":"/v3/mail/send","authentication":"@parameters('$authentication')"}},"Get_user_2":{"runAfter":{"Set_content_approval_status_-_APPROVED_2":["Succeeded"]},"metadata":{"flowSystemMetadata":{"swaggerOperationId":"GetUser"}},"type":"ApiConnection","inputs":{"host":{"connection":{"name":"@parameters('$connections')['shared_azuread']['connectionId']"},"api":{"runtimeUrl":"https://flow-apim-msmanaged-na-westus2-01.azure-apim.net/apim/azuread"}},"method":"get","path":"/v1.0/users/@{encodeURIComponent(triggerBody()?['Author']?['Email'])}","authentication":"@parameters('$authentication')"}},"Add_user_to_group_-_Automated_Enterprise_Administrator":{"runAfter":{"Get_user_2":["Succeeded"]},"metadata":{"flowSystemMetadata":{"swaggerOperationId":"AddUserToGroup"}},"type":"ApiConnection","inputs":{"host":{"connection":{"name":"@parameters('$connections')['shared_azuread']['connectionId']"},"api":{"runtimeUrl":"https://flow-apim-msmanaged-na-westus2-01.azure-apim.net/apim/azuread"}},"method":"post","body":{"@@odata.id":"@body('Get_user_2')?['id']"},"path":"/v1.0/groups/@{encodeURIComponent('ENTER-THE-AUTOMATED-Enterprise -Admin_OBJECTID')}/members/$ref","authentication":"@parameters('$authentication')"}},"Set_content_approval_status_-_APPROVED_2":{"runAfter":{"Send_an_email_notification_(V3)_-_APPROVED_2":["Succeeded"]},"metadata":{"flowSystemMetadata":{"swaggerOperationId":"SetApprovalStatus"}},"type":"ApiConnection","inputs":{"host":{"connection":{"name":"@parameters('$connections')['shared_sharepointonline']['connectionId']"},"api":{"runtimeUrl":"https://flow-apim-msmanaged-na-eastus2-01.azure-apim.net/apim/sharepointonline"}},"method":"post","path":"/datasets/@{encodeURIComponent(encodeURIComponent('https://tangoe.sharepoint.com/sites/AD-PAM'))}/tables/@{encodeURIComponent(encodeURIComponent('0e2f90e4-e26f-416f-b9b5-57ffc92a4ad5'))}/items/@{encodeURIComponent(encodeURIComponent(triggerBody()?['ID']))}/setapprovalstatus","queries":{"approvalAction":"Approve","comments":"Approved by: @{items('_Apply_to_each_-_APPROVED_2')?['responder']?['displayName']}. Comments (if any): @{items('_Apply_to_each_-_APPROVED_2')?['comments']}","entityTag":"@body('Get_file_metadata')?['ETag']"},"authentication":"@parameters('$authentication')"}}},"runAfter":{},"type":"Foreach"}},"runAfter":{"Start_and_wait_for_an_approval_-_Enterprise_Administrator":["Succeeded"]},"else":{"actions":{"Apply_to_each_-_REJECTED_2":{"foreach":"@body('Start_and_wait_for_an_approval_-_Enterprise_Administrator')?['responses']","actions":{"Send_an_email_notification_(V3)_-_REJECTED_2":{"runAfter":{},"metadata":{"flowSystemMetadata":{"swaggerOperationId":"SendEmailV3"}},"type":"ApiConnection","inputs":{"host":{"connection":{"name":"@parameters('$connections')['shared_sendmail']['connectionId']"},"api":{"runtimeUrl":"https://flow-apim-msmanaged-na-centralus-01.azure-apim.net/apim/sendmail"}},"method":"post","body":{"to":"@{triggerBody()?['Author']?['Email']};","subject":"Request Denied: @{triggerBody()?['Title']}","text":"<p>Dear @{triggerBody()?['Author']?['DisplayName']},<br>\n<br>\nYour request below has been rejected or denied. Please review the comments below or contact the reviewer if you have any questions.<br>\n<br>\n<br>\nReviewed by: @{items('Apply_to_each_-_REJECTED_2')?['responder']?['displayName']}<br>\nComments (if any):@{items('Apply_to_each_-_REJECTED_2')?['comments']}<br>\n<br>\nRequest Subject: @{triggerBody()?['Title']}<br>\nRequest Details: @{triggerBody()?['RequestDetails']}<br>\n<br>\n---<br>\nSent by Microsoft Power Automate</p>","ishtml":true},"path":"/v3/mail/send","authentication":"@parameters('$authentication')"}},"Set_content_approval_status_-_REJECTED_2":{"runAfter":{"Send_an_email_notification_(V3)_-_REJECTED_2":["Succeeded"]},"metadata":{"flowSystemMetadata":{"swaggerOperationId":"SetApprovalStatus"}},"type":"ApiConnection","inputs":{"host":{"connection":{"name":"@parameters('$connections')['shared_sharepointonline']['connectionId']"},"api":{"runtimeUrl":"https://flow-apim-msmanaged-na-eastus2-01.azure-apim.net/apim/sharepointonline"}},"method":"post","path":"/datasets/@{encodeURIComponent(encodeURIComponent('https://tangoe.sharepoint.com/sites/AD-PAM'))}/tables/@{encodeURIComponent(encodeURIComponent('0e2f90e4-e26f-416f-b9b5-57ffc92a4ad5'))}/items/@{encodeURIComponent(encodeURIComponent(triggerBody()?['ID']))}/setapprovalstatus","queries":{"approvalAction":"Reject","comments":"Reviewed by: @{items('Apply_to_each_-_REJECTED_2')?['responder']?['displayName']}. Comments (if any): @{items('Apply_to_each_-_REJECTED_2')?['comments']}","entityTag":"@body('Get_file_metadata')?['ETag']"},"authentication":"@parameters('$authentication')"}}},"runAfter":{},"type":"Foreach"}}},"expression":{"equals":["@body('Start_and_wait_for_an_approval_-_Enterprise_Administrator')?['outcome']","Approve"]},"type":"If"},"Start_and_wait_for_an_approval_-_Enterprise_Administrator":{"runAfter":{},"metadata":{"flowSystemMetadata":{"swaggerOperationId":"StartAndWaitForAnApproval"}},"type":"ApiConnectionWebhook","inputs":{"host":{"connection":{"name":"@parameters('$connections')['shared_approvals']['connectionId']"},"api":{"runtimeUrl":"https://flow-apim-msmanaged-na-northcentralus-01.azure-apim.net/apim/approvals"}},"body":{"notificationUrl":"@{listCallbackUrl()}","title":"REVIEW: @{triggerBody()?['AdminLevel']?['Value']} Request - @{triggerBody()?['Title']}","assignedTo":"Leonardo.DaVinci@tangoe.com","details":"Requested by:\n@{triggerBody()?['Author']?['DisplayName']}\n\nDetails/Comments: \n@{triggerBody()?['RequestDetails']}","itemLink":"@triggerBody()?['{Link}']","itemLinkDescription":"@body('Get_file_metadata')?['Name']","enableNotifications":true,"enableReassignment":true},"path":"/types/@{encodeURIComponent('Basic')}/subscriptions","authentication":"@parameters('$authentication')"}}}},"Schema_Administrator":{"case":"Schema Administrator","actions":{"Start_and_wait_for_an_approval_-_Schema_Administrator":{"runAfter":{},"metadata":{"flowSystemMetadata":{"swaggerOperationId":"StartAndWaitForAnApproval"}},"type":"ApiConnectionWebhook","inputs":{"host":{"connection":{"name":"@parameters('$connections')['shared_approvals']['connectionId']"},"api":{"runtimeUrl":"https://flow-apim-msmanaged-na-northcentralus-01.azure-apim.net/apim/approvals"}},"body":{"notificationUrl":"@{listCallbackUrl()}","title":"REVIEW: @{triggerBody()?['AdminLevel']?['Value']} Request - @{triggerBody()?['Title']}","assignedTo":"Leonardo.DaVinci@tangoe.com","details":"Requested by:\n@{triggerBody()?['Author']?['DisplayName']}\n\nDetails/Comments: \n@{triggerBody()?['RequestDetails']}","itemLink":"@triggerBody()?['{Link}']","itemLinkDescription":"@body('Get_file_metadata')?['Name']","enableNotifications":true,"enableReassignment":true},"path":"/types/@{encodeURIComponent('Basic')}/subscriptions","authentication":"@parameters('$authentication')"}},"Condition_-_Schema_Administrator":{"actions":{"_Apply_to_each_-_APPROVED_3":{"foreach":"@body('Start_and_wait_for_an_approval_-_Schema_Administrator')?['responses']","actions":{"Send_an_email_notification_(V3)_-_APPROVED_3":{"runAfter":{},"metadata":{"flowSystemMetadata":{"swaggerOperationId":"SendEmailV3"}},"type":"ApiConnection","inputs":{"host":{"connection":{"name":"@parameters('$connections')['shared_sendmail']['connectionId']"},"api":{"runtimeUrl":"https://flow-apim-msmanaged-na-centralus-01.azure-apim.net/apim/sendmail"}},"method":"post","body":{"to":"@{triggerBody()?['Author']?['Email']};","subject":"Processing: @{triggerBody()?['Title']}","text":"<p>Dear @{triggerBody()?['Author']?['DisplayName']},<br>\n<br>\nYour request below has been approved. Your account will be added to the elevated group shortly and a confirmation email will be sent as soon as it has been added.<br>\n<br>\nPlease allow ample time for the change to take effect (AD replication), report the issue if you didn't receive a confirmation within 60 minutes.<br>\n<br>\nApproved by: @{items('_Apply_to_each_-_APPROVED_3')?['responder']?['displayName']}<br>\nComments (if any): @{items('_Apply_to_each_-_APPROVED_3')?['comments']}<br>\n<br>\nRequest Subject: @{triggerBody()?['Title']}<br>\nRequest Details: @{triggerBody()?['RequestDetails']}<br>\n<br>\n---<br>\nSent by Microsoft Power Automate</p>","ishtml":true},"path":"/v3/mail/send","authentication":"@parameters('$authentication')"}},"Get_user_3":{"runAfter":{"Set_content_approval_status_-_APPROVED_3":["Succeeded"]},"metadata":{"flowSystemMetadata":{"swaggerOperationId":"GetUser"}},"type":"ApiConnection","inputs":{"host":{"connection":{"name":"@parameters('$connections')['shared_azuread']['connectionId']"},"api":{"runtimeUrl":"https://flow-apim-msmanaged-na-westus2-01.azure-apim.net/apim/azuread"}},"method":"get","path":"/v1.0/users/@{encodeURIComponent(triggerBody()?['Author']?['Email'])}","authentication":"@parameters('$authentication')"}},"Add_user_to_group_-_Automated_Schema_Administrator":{"runAfter":{"Get_user_3":["Succeeded"]},"metadata":{"flowSystemMetadata":{"swaggerOperationId":"AddUserToGroup"}},"type":"ApiConnection","inputs":{"host":{"connection":{"name":"@parameters('$connections')['shared_azuread']['connectionId']"},"api":{"runtimeUrl":"https://flow-apim-msmanaged-na-westus2-01.azure-apim.net/apim/azuread"}},"method":"post","body":{"@@odata.id":"@body('Get_user_3')?['id']"},"path":"/v1.0/groups/@{encodeURIComponent('ENTER-THE-AUTOMATED-Schema-Admin_OBJECTID')}/members/$ref","authentication":"@parameters('$authentication')"}},"Set_content_approval_status_-_APPROVED_3":{"runAfter":{"Send_an_email_notification_(V3)_-_APPROVED_3":["Succeeded"]},"metadata":{"flowSystemMetadata":{"swaggerOperationId":"SetApprovalStatus"}},"type":"ApiConnection","inputs":{"host":{"connection":{"name":"@parameters('$connections')['shared_sharepointonline']['connectionId']"},"api":{"runtimeUrl":"https://flow-apim-msmanaged-na-eastus2-01.azure-apim.net/apim/sharepointonline"}},"method":"post","path":"/datasets/@{encodeURIComponent(encodeURIComponent('https://tangoe.sharepoint.com/sites/AD-PAM'))}/tables/@{encodeURIComponent(encodeURIComponent('0e2f90e4-e26f-416f-b9b5-57ffc92a4ad5'))}/items/@{encodeURIComponent(encodeURIComponent(triggerBody()?['ID']))}/setapprovalstatus","queries":{"approvalAction":"Approve","comments":"Approved by: @{items('_Apply_to_each_-_APPROVED_3')?['responder']?['displayName']}. Comments (if any): @{items('_Apply_to_each_-_APPROVED_3')?['comments']}","entityTag":"@body('Get_file_metadata')?['ETag']"},"authentication":"@parameters('$authentication')"}}},"runAfter":{},"type":"Foreach"}},"runAfter":{"Start_and_wait_for_an_approval_-_Schema_Administrator":["Succeeded"]},"else":{"actions":{"Apply_to_each_-_REJECTED_3":{"foreach":"@body('Start_and_wait_for_an_approval_-_Schema_Administrator')?['responses']","actions":{"Send_an_email_notification_(V3)_-_REJECTED_3":{"runAfter":{},"metadata":{"flowSystemMetadata":{"swaggerOperationId":"SendEmailV3"}},"type":"ApiConnection","inputs":{"host":{"connection":{"name":"@parameters('$connections')['shared_sendmail']['connectionId']"},"api":{"runtimeUrl":"https://flow-apim-msmanaged-na-centralus-01.azure-apim.net/apim/sendmail"}},"method":"post","body":{"to":"@{triggerBody()?['Author']?['Email']};","subject":"Request Denied: @{triggerBody()?['Title']}","text":"<p>Dear @{triggerBody()?['Author']?['DisplayName']},<br>\n<br>\nYour request below has been rejected or denied. Please review the comments below or contact the reviewer if you have any questions.<br>\n<br>\n<br>\nReviewed by: @{items('Apply_to_each_-_REJECTED_3')?['responder']?['displayName']}<br>\nComments (if any):@{items('Apply_to_each_-_REJECTED_3')?['comments']}<br>\n<br>\nRequest Subject: @{triggerBody()?['Title']}<br>\nRequest Details: @{triggerBody()?['RequestDetails']}<br>\n<br>\n---<br>\nSent by Microsoft Power Automate</p>","ishtml":true},"path":"/v3/mail/send","authentication":"@parameters('$authentication')"}},"Set_content_approval_status_-_REJECTED_3":{"runAfter":{"Send_an_email_notification_(V3)_-_REJECTED_3":["Succeeded"]},"metadata":{"flowSystemMetadata":{"swaggerOperationId":"SetApprovalStatus"}},"type":"ApiConnection","inputs":{"host":{"connection":{"name":"@parameters('$connections')['shared_sharepointonline']['connectionId']"},"api":{"runtimeUrl":"https://flow-apim-msmanaged-na-eastus2-01.azure-apim.net/apim/sharepointonline"}},"method":"post","path":"/datasets/@{encodeURIComponent(encodeURIComponent('https://tangoe.sharepoint.com/sites/AD-PAM'))}/tables/@{encodeURIComponent(encodeURIComponent('0e2f90e4-e26f-416f-b9b5-57ffc92a4ad5'))}/items/@{encodeURIComponent(encodeURIComponent(triggerBody()?['ID']))}/setapprovalstatus","queries":{"approvalAction":"Reject","comments":"Reviewed by: @{items('Apply_to_each_-_REJECTED_3')?['responder']?['displayName']}. Comments (if any): @{items('Apply_to_each_-_REJECTED_3')?['comments']}","entityTag":"@body('Get_file_metadata')?['ETag']"},"authentication":"@parameters('$authentication')"}}},"runAfter":{},"type":"Foreach"}}},"expression":{"equals":["@body('Start_and_wait_for_an_approval_-_Schema_Administrator')?['outcome']","Approve"]},"type":"If"}}}},"default":{"actions":{"Send_an_email_notification_(V3)":{"runAfter":{},"metadata":{"flowSystemMetadata":{"swaggerOperationId":"SendEmailV3"}},"type":"ApiConnection","inputs":{"host":{"connection":{"name":"@parameters('$connections')['shared_sendmail']['connectionId']"},"api":{"runtimeUrl":"https://flow-apim-msmanaged-na-centralus-01.azure-apim.net/apim/sendmail"}},"method":"post","body":{"to":"@{triggerBody()?['Author']?['Email']};","subject":"Something went wrong: @{triggerBody()?['Title']}","text":"<p>Dear @{triggerBody()?['Author']?['DisplayName']},<br>\n<br>\nSomething went wrong with your request, please make sure you selected the correct Administrator Level. If you have further issues, please contact the IT Support Team.<br>\n<br>\nThanks,<br>\nIT Support Team</p>","ishtml":true},"path":"/v3/mail/send","authentication":"@parameters('$authentication')"}},"Set_content_approval_status":{"runAfter":{"Send_an_email_notification_(V3)":["Succeeded"]},"metadata":{"flowSystemMetadata":{"swaggerOperationId":"SetApprovalStatus"}},"type":"ApiConnection","inputs":{"host":{"connection":{"name":"@parameters('$connections')['shared_sharepointonline']['connectionId']"},"api":{"runtimeUrl":"https://flow-apim-msmanaged-na-eastus2-01.azure-apim.net/apim/sharepointonline"}},"method":"post","path":"/datasets/@{encodeURIComponent(encodeURIComponent('https://tangoe.sharepoint.com/sites/AD-PAM'))}/tables/@{encodeURIComponent(encodeURIComponent('0e2f90e4-e26f-416f-b9b5-57ffc92a4ad5'))}/items/@{encodeURIComponent(encodeURIComponent(triggerBody()?['ID']))}/setapprovalstatus","queries":{"approvalAction":"Reject","comments":"Something went wrong with your request, please make sure you selected the correct Administrator Level. If you have further issues, please contact the IT Support Team.","entityTag":"@body('Get_file_metadata')?['ETag']"},"authentication":"@parameters('$authentication')"}}}},"expression":"@triggerBody()?['AdminLevel']?['Value']","type":"Switch"},"Get_file_metadata":{"runAfter":{},"metadata":{"flowSystemMetadata":{"swaggerOperationId":"GetFileMetadata"}},"type":"ApiConnection","inputs":{"host":{"connection":{"name":"@parameters('$connections')['shared_sharepointonline']['connectionId']"},"api":{"runtimeUrl":"https://flow-apim-msmanaged-na-eastus2-01.azure-apim.net/apim/sharepointonline"}},"method":"get","path":"/datasets/@{encodeURIComponent(encodeURIComponent('https://YOURTENANT.sharepoint.com/sites/YOURSITENAME'))}/files/@{encodeURIComponent(triggerBody()?['{Identifier}'])}","authentication":"@parameters('$authentication')"}}},"description":"Use this template for processing approvals on SharePoint list items. The approver can view their approval requests in the Approvals Center and over email. Once an item is approved or rejected, the item creator is sent a confirmation email."},"connectionReferences":{"shared_sendmail":{"connectionName":"5455eacca63142e1b4edb8b7ecdd18a0","source":"Embedded","id":"/providers/Microsoft.PowerApps/apis/shared_sendmail","tier":"NotSpecified"},"shared_azuread":{"connectionName":"shared-azuread-983a69bb-a110-4682-b774-9a2c36883677","source":"Embedded","id":"/providers/Microsoft.PowerApps/apis/shared_azuread","tier":"NotSpecified"},"shared_sharepointonline":{"connectionName":"shared-sharepointonl-3ff252d0-6ed9-4920-8b82-d6ddf175db3e","source":"Embedded","id":"/providers/Microsoft.PowerApps/apis/shared_sharepointonline","tier":"NotSpecified"},"shared_approvals":{"connectionName":"22fd522f1865461aa5d8d907d6c0b476","source":"Embedded","id":"/providers/Microsoft.PowerApps/apis/shared_approvals","tier":"NotSpecified"}},"flowFailureAlertSubscribed":false}}